- name: PI to OCS introduction
  href: overview-pi-to-ocs/toc.yml
  topicHref: overview-pi-to-ocs/landing-page1.md
- name: Set up PI to OCS
  href: set-up-pi-to-ocs/toc.yml
  topicHref: set-up-pi-to-ocs/landing-page2.md
- name: Transfer PI System data to OCS
  href: pi-to-ocs-data-transfers/toc.yml
  topicHref: pi-to-ocs-data-transfers/landing-page3.md
- name: PI to OCS Agent maintenance
  href: pi-to-ocs-agent/toc.yml
  topicHref: pi-to-ocs-agent/landing-page4.md
- name: Troubleshooting & PI to OCS logs 
  href: pi-to-ocs-log-messages/toc.yml
  topicHref: pi-to-ocs-log-messages/landing-page5.md
